{
    "ensemble_cv_scores": [
        0.974447738529954,
        0.9747369753064102,
        0.9744296612314256,
        0.9751256372247731,
        0.9754871831953433
    ],
    "ensemble_cv_mean": 0.9748454390975813,
    "ensemble_test_accuracy": 0.9746847341933245
}